[
  {
    "context": "none",
    "deviceName": "none",
    "deviceIP": "none",
    "deviceType": "none",
    "cluster_class": "none",
    "exclude": "none",
    "devicePort": "none",
    "profile": "none"
  },
  {
    "context": "default",
    "deviceName": "none",
    "deviceIP": "none",
    "deviceType": "snmp",
    "cluster_class": "none",
    "exclude": "None",
    "devicePort": "161",
    "profile": "none"
  },
  {
    "context": "default",
    "deviceName": "vyos1",
    "deviceIP": "172.100.100.12",
    "deviceType": "snmp",
    "cluster_class": "default",
    "exclude": "None",
    "devicePort": "161",
    "profile": "vyos"
  },
  {
    "context": "default",
    "deviceName": "vyos2",
    "deviceIP": "172.100.100.13",
    "deviceType": "snmp",
    "cluster_class": "default",
    "exclude": "None",
    "devicePort": "161",
    "profile": "vyos"
  },
  {
    "context": "default",
    "deviceName": "haproxy1",
    "deviceIP": "172.100.100.14",
    "deviceType": "snmp",
    "cluster_class": "default",
    "exclude": "None",
    "devicePort": "161",
    "profile": "haproxy"
  },
  {
    "context": "default",
    "deviceName": "haproxy2",
    "deviceIP": "172.100.100.15",
    "deviceType": "snmp",
    "cluster_class": "default",
    "exclude": "None",
    "devicePort": "161",
    "profile": "haproxy"
  },
  {
    "context": "default",
    "deviceName": "DC1_SPINE1",
    "deviceIP": "172.100.100.2",
    "deviceType": "snmp",
    "cluster_class": "default",
    "exclude": "None",
    "devicePort": "161",
    "profile": "arista"
  },
  {
    "context": "default",
    "deviceName": "DC1_SPINE2",
    "deviceIP": "172.100.100.3",
    "deviceType": "snmp",
    "cluster_class": "default",
    "exclude": "None",
    "devicePort": "161",
    "profile": "arista"
  },
  {
    "context": "default",
    "deviceName": "DC1_CLIENT1",
    "deviceIP": "172.100.100.8",
    "deviceType": "snmp",
    "cluster_class": "default",
    "exclude": "None",
    "devicePort": "161",
    "profile": "docker"
  },
  {
    "context": "default",
    "deviceName": "DC1_CLIENT2",
    "deviceIP": "172.100.100.9",
    "deviceType": "snmp",
    "cluster_class": "default",
    "exclude": "None",
    "devicePort": "161",
    "profile": "docker"
  },
  {
    "context": "default",
    "deviceName": "DC1_CLIENT3",
    "deviceIP": "172.100.100.10",
    "deviceType": "snmp",
    "cluster_class": "default",
    "exclude": "None",
    "devicePort": "161",
    "profile": "docker"
  },
  {
    "context": "default",
    "deviceName": "DC1_CLIENT4",
    "deviceIP": "172.100.100.11",
    "deviceType": "snmp",
    "cluster_class": "default",
    "exclude": "None",
    "devicePort": "161",
    "profile": "docker"
  },
  {
    "context": "default",
    "deviceName": "DC1_LEAFS1A",
    "deviceIP": "172.100.100.4",
    "deviceType": "snmp",
    "cluster_class": "default",
    "exclude": "None",
    "devicePort": "161",
    "profile": "arista"
  },
  {
    "context": "default",
    "deviceName": "DC1_LEAFS1B",
    "deviceIP": "172.100.100.5",
    "deviceType": "snmp",
    "cluster_class": "default",
    "exclude": "None",
    "devicePort": "161",
    "profile": "arista"
  },
  {
    "context": "default",
    "deviceName": "DC1_LEAFS2A",
    "deviceIP": "172.100.100.6",
    "deviceType": "snmp",
    "cluster_class": "default",
    "exclude": "None",
    "devicePort": "161",
    "profile": "arista"
  },
  {
    "context": "default",
    "deviceName": "DC1_LEAFS2B",
    "deviceIP": "172.100.100.7",
    "deviceType": "snmp",
    "cluster_class": "default",
    "exclude": "None",
    "devicePort": "161",
    "profile": "arista"
  }
]