[
  {
    "device": "vyos2",
    "derived_os": "None",
    "derived_platform": "None",
    "derived_product": "None",
    "derived_product_type": "None",
    "derived_serial_number": "None",
    "derived_snmp_profile": "None",
    "derived_vendor": "None",
    "derived_version": "None",
    "sys_contact": "root",
    "sys_descr": "VyOS 2025.04.01-0021-rolling",
    "sys_location": "Unknown",
    "sys_name": "dc1vyos02",
    "sys_object_id": ".1.3.6.1.4.1.44641",
    "sys_services": "14"
  },
  {
    "device": "vyos1",
    "derived_os": "None",
    "derived_platform": "None",
    "derived_product": "None",
    "derived_product_type": "None",
    "derived_serial_number": "None",
    "derived_snmp_profile": "None",
    "derived_vendor": "None",
    "derived_version": "None",
    "sys_contact": "root",
    "sys_descr": "VyOS 2025.04.01-0021-rolling",
    "sys_location": "Unknown",
    "sys_name": "dc1vyos01",
    "sys_object_id": ".1.3.6.1.4.1.44641",
    "sys_services": "14"
  },
  {
    "device": "DC1_LEAFS2A",
    "derived_os": "None",
    "derived_platform": "None",
    "derived_product": "None",
    "derived_product_type": "None",
    "derived_serial_number": "0C3015E846C489603136CBA2B5B13B7C",
    "derived_snmp_profile": "None",
    "derived_vendor": "None",
    "derived_version": "None",
    "sys_contact": "Network Operations sebatianm@selector.ai",
    "sys_descr": "Arista Networks EOS version 4.33.4M-42444412.4334M (engineering build) running on an Arista cEOSLab",
    "sys_location": "New York Data Center",
    "sys_name": "DC1_LEAF2A",
    "sys_object_id": ".1.3.6.1.4.1.30065.1.2600",
    "sys_services": "14"
  },
  {
    "device": "DC1_LEAFS1B",
    "derived_os": "None",
    "derived_platform": "None",
    "derived_product": "None",
    "derived_product_type": "None",
    "derived_serial_number": "E30473BFA856B48F43DCD8CE037F3F6A",
    "derived_snmp_profile": "None",
    "derived_vendor": "None",
    "derived_version": "None",
    "sys_contact": "Network Operations sebatianm@selector.ai",
    "sys_descr": "Arista Networks EOS version 4.33.4M-42444412.4334M (engineering build) running on an Arista cEOSLab",
    "sys_location": "New York Data Center",
    "sys_name": "DC1_LEAF1B",
    "sys_object_id": ".1.3.6.1.4.1.30065.1.2600",
    "sys_services": "14"
  },
  {
    "device": "DC1_LEAFS1A",
    "derived_os": "None",
    "derived_platform": "None",
    "derived_product": "None",
    "derived_product_type": "None",
    "derived_serial_number": "DF47B8AF25AD9D6CA021BE48AF06F202",
    "derived_snmp_profile": "None",
    "derived_vendor": "None",
    "derived_version": "None",
    "sys_contact": "Network Operations sebatianm@selector.ai",
    "sys_descr": "Arista Networks EOS version 4.33.4M-42444412.4334M (engineering build) running on an Arista cEOSLab",
    "sys_location": "New York Data Center",
    "sys_name": "DC1_LEAF1A",
    "sys_object_id": ".1.3.6.1.4.1.30065.1.2600",
    "sys_services": "14"
  },
  {
    "device": "DC1_SPINE2",
    "derived_os": "None",
    "derived_platform": "None",
    "derived_product": "None",
    "derived_product_type": "None",
    "derived_serial_number": "016AF64024D0978331ABCC8A19A64499",
    "derived_snmp_profile": "None",
    "derived_vendor": "None",
    "derived_version": "None",
    "sys_contact": "Network Operations sebatianm@selector.ai",
    "sys_descr": "Arista Networks EOS version 4.33.4M-42444412.4334M (engineering build) running on an Arista cEOSLab",
    "sys_location": "New York Data Center",
    "sys_name": "DC1_SPINE2",
    "sys_object_id": ".1.3.6.1.4.1.30065.1.2600",
    "sys_services": "14"
  },
  {
    "device": "DC1_SPINE1",
    "derived_os": "None",
    "derived_platform": "None",
    "derived_product": "None",
    "derived_product_type": "None",
    "derived_serial_number": "B9F17C615E27A3CAA3DE7ECF50AEF94D",
    "derived_snmp_profile": "None",
    "derived_vendor": "None",
    "derived_version": "None",
    "sys_contact": "Network Operations sebatianm@selector.ai",
    "sys_descr": "Arista Networks EOS version 4.33.4M-42444412.4334M (engineering build) running on an Arista cEOSLab",
    "sys_location": "New York Data Center",
    "sys_name": "DC1_SPINE1",
    "sys_object_id": ".1.3.6.1.4.1.30065.1.2600",
    "sys_services": "14"
  },
  {
    "device": "DC1_LEAFS2B",
    "derived_os": "None",
    "derived_platform": "None",
    "derived_product": "None",
    "derived_product_type": "None",
    "derived_serial_number": "4FA7449901F23B1FB8A7493A17C67BFF",
    "derived_snmp_profile": "None",
    "derived_vendor": "None",
    "derived_version": "None",
    "sys_contact": "Network Operations sebatianm@selector.ai",
    "sys_descr": "Arista Networks EOS version 4.33.4M-42444412.4334M (engineering build) running on an Arista cEOSLab",
    "sys_location": "New York Data Center",
    "sys_name": "DC1_LEAF2B",
    "sys_object_id": ".1.3.6.1.4.1.30065.1.2600",
    "sys_services": "14"
  }
]