[
  {
    "type": "resource-inventory",
    "name": "engine_health",
    "tags": "__selector_internal__",
    "last_bulk_operation": 1752450794
  },
  {
    "type": "network-devices",
    "name": "network_devices",
    "tags": "__auto__",
    "last_bulk_operation": 1752450794,
    "last_individual_operation": 1752450881
  },
  {
    "type": "pingmesh",
    "name": "pingmesh",
    "tags": "__auto__",
    "last_bulk_operation": 1752450794,
    "last_individual_operation": 1752450893
  },
  {
    "type": "s2_iconic_db",
    "name": "s2_iconic_db",
    "tags": "__auto__",
    "last_bulk_operation": 1752450794
  },
  {
    "type": "s2_if_tags",
    "name": "s2_if_tags",
    "tags": "__auto__",
    "last_bulk_operation": 1752450794
  },
  {
    "type": "s2_isp_names",
    "name": "s2_isp_names",
    "tags": "__auto__",
    "last_bulk_operation": 1752450794
  },
  {
    "type": "s2_system_id",
    "name": "s2_system_id",
    "tags": "__auto__",
    "last_bulk_operation": 1752450794
  },
  {
    "type": "s2_products",
    "name": "s2_products_db",
    "tags": "__auto__",
    "last_bulk_operation": 1752450794
  },
  {
    "type": "s2_vendors",
    "name": "s2_vendors",
    "tags": "__auto__",
    "last_bulk_operation": 1752450794
  },
  {
    "type": "s2_vendors",
    "name": "s2_vendors_db",
    "tags": "__auto__",
    "last_bulk_operation": 1752450794
  },
  {
    "type": "s2_itsm_fields",
    "name": "s2_itsm_fields",
    "tags": "__auto__",
    "last_bulk_operation": 1752450794
  },
  {
    "type": "s2_products_s2ap",
    "name": "s2_products_s2ap",
    "tags": "__auto__",
    "last_bulk_operation": 1752450794
  },
  {
    "type": "s2_itsm_fields",
    "name": "s2_itsm_names",
    "tags": "__auto__",
    "last_bulk_operation": 1752450794
  },
  {
    "type": "s2_system_inventory",
    "name": "s2_system_inventory",
    "tags": "__auto__",
    "last_bulk_operation": 1752450794,
    "last_individual_operation": 1752450930
  },
  {
    "type": "location_codes",
    "name": "location_codes",
    "tags": "__auto__",
    "last_bulk_operation": 1752450794
  },
  {
    "type": "s2_device_inventory",
    "name": "s2_device_inventory",
    "tags": "__auto__",
    "last_bulk_operation": 1752450795,
    "last_individual_operation": 1752450913
  },
  {
    "type": "customer_inventory",
    "name": "customer_inventory",
    "tags": "__customer__",
    "last_bulk_operation": 1752450795,
    "last_individual_operation": 1752450806
  },
  {
    "type": "probe-agents",
    "name": "probes",
    "tags": "__selector__",
    "last_bulk_operation": 1752450795
  }
]